{"cameraMode":{"drawMode":0,"name":"Shaded","section":"Shading Mode"},"sceneLighting":true,"audioPlay":false,"sceneViewState":{"m_AlwaysRefresh":false,"showFog":true,"showSkybox":true,"showFlares":true,"showImageEffects":true,"showParticleSystems":true,"showVisualEffectGraphs":true,"m_FxEnabled":true},"in2DMode":false,"pivot":{"x":0.9623856544494629,"y":4.194413185119629,"z":-8.426692962646485},"rotation":{"x":-0.011717564426362515,"y":0.9782365560531616,"z":-0.057595908641815189,"w":-0.19901005923748017},"size":7.9435906410217289,"orthographic":false}